{"cameraMode":{"drawMode":0,"name":"Shaded","section":"Shading Mode"},"sceneLighting":false,"audioPlay":false,"sceneViewState":{"m_AlwaysRefresh":false,"showFog":true,"showSkybox":false,"showFlares":true,"showImageEffects":true,"showParticleSystems":true,"showVisualEffectGraphs":true,"m_FxEnabled":true},"in2DMode":false,"pivot":{"x":62.47324752807617,"y":-47.419429779052737,"z":-57.196937561035159},"rotation":{"x":0.10172341018915177,"y":0.8875556588172913,"z":-0.23687371611595155,"w":0.3821495473384857},"size":51.472930908203128,"orthographic":false}