{"cameraMode":{"drawMode":0,"name":"Shaded","section":"Shading Mode"},"sceneLighting":false,"audioPlay":false,"sceneViewState":{"m_AlwaysRefresh":false,"showFog":true,"showSkybox":false,"showFlares":true,"showImageEffects":true,"showParticleSystems":true,"showVisualEffectGraphs":true,"m_FxEnabled":true},"in2DMode":false,"pivot":{"x":-0.4315192997455597,"y":0.38200807571411135,"z":1.595771074295044},"rotation":{"x":-0.2129838466644287,"y":-0.040447089821100238,"z":0.008782949298620224,"w":-0.9762020707130432},"size":2.125030040740967,"orthographic":false}