{"cameraMode":{"drawMode":0,"name":"Shaded","section":"Shading Mode"},"sceneLighting":false,"audioPlay":false,"sceneViewState":{"m_AlwaysRefresh":false,"showFog":true,"showSkybox":false,"showFlares":true,"showImageEffects":true,"showParticleSystems":true,"showVisualEffectGraphs":true,"m_FxEnabled":true},"in2DMode":false,"pivot":{"x":0.34377342462539675,"y":0.30674219131469729,"z":-0.8696637153625488},"rotation":{"x":0.07680399715900421,"y":0.8715503811836243,"z":-0.4620886743068695,"w":0.14485840499401093},"size":1.8247449398040772,"orthographic":false}