{"cameraMode":{"drawMode":0,"name":"Shaded","section":"Shading Mode"},"sceneLighting":false,"audioPlay":false,"sceneViewState":{"m_AlwaysRefresh":false,"showFog":true,"showSkybox":false,"showFlares":true,"showImageEffects":true,"showParticleSystems":true,"showVisualEffectGraphs":true,"m_FxEnabled":true},"in2DMode":false,"pivot":{"x":-1.108618140220642,"y":0.09864413738250733,"z":0.8232543468475342},"rotation":{"x":-0.25127676129341128,"y":0.3366636633872986,"z":-0.09372329711914063,"w":-0.9026322364807129},"size":2.7247447967529299,"orthographic":false}