{"cameraMode":{"drawMode":0,"name":"Shaded","section":"Shading Mode"},"sceneLighting":false,"audioPlay":false,"sceneViewState":{"m_AlwaysRefresh":false,"showFog":true,"showSkybox":false,"showFlares":true,"showImageEffects":true,"showParticleSystems":true,"showVisualEffectGraphs":true,"m_FxEnabled":true},"in2DMode":false,"pivot":{"x":0.17058861255645753,"y":1.2959377765655518,"z":-0.009300814010202885},"rotation":{"x":-0.04503975436091423,"y":0.9546915292739868,"z":-0.22362136840820313,"w":-0.19181188941001893},"size":1.2247449159622193,"orthographic":false}