{"cameraMode":{"drawMode":0,"name":"Shaded","section":"Shading Mode"},"sceneLighting":false,"audioPlay":false,"sceneViewState":{"m_AlwaysRefresh":false,"showFog":true,"showSkybox":false,"showFlares":true,"showImageEffects":true,"showParticleSystems":true,"showVisualEffectGraphs":true,"m_FxEnabled":true},"in2DMode":false,"pivot":{"x":0.13739776611328126,"y":1.4476381540298463,"z":0.3309732973575592},"rotation":{"x":0.011115849949419499,"y":0.970924437046051,"z":-0.23514607548713685,"w":0.04637451469898224},"size":1.2247449159622193,"orthographic":false}