{"cameraMode":{"drawMode":0,"name":"Shaded","section":"Shading Mode"},"sceneLighting":false,"audioPlay":false,"sceneViewState":{"m_AlwaysRefresh":false,"showFog":true,"showSkybox":false,"showFlares":true,"showImageEffects":true,"showParticleSystems":true,"showVisualEffectGraphs":true,"m_FxEnabled":true},"in2DMode":false,"pivot":{"x":0.6674970984458923,"y":-0.5577797293663025,"z":-0.4610866606235504},"rotation":{"x":-0.044043056666851047,"y":-0.9508997797966003,"z":0.26018011569976809,"w":-0.16256214678287507},"size":2.3129701614379885,"orthographic":false}