{"cameraMode":{"drawMode":0,"name":"Shaded","section":"Shading Mode"},"sceneLighting":false,"audioPlay":false,"sceneViewState":{"m_AlwaysRefresh":false,"showFog":true,"showSkybox":false,"showFlares":true,"showImageEffects":true,"showParticleSystems":true,"showVisualEffectGraphs":true,"m_FxEnabled":true},"in2DMode":false,"pivot":{"x":-1.6251575946807862,"y":1.1405085325241089,"z":0.620270848274231},"rotation":{"x":-0.24606704711914063,"y":-0.2163541167974472,"z":0.056855183094739917,"w":-0.9431194067001343},"size":1.4025554656982422,"orthographic":false}