{"cameraMode":{"drawMode":0,"name":"Shaded","section":"Shading Mode"},"sceneLighting":false,"audioPlay":false,"sceneViewState":{"m_AlwaysRefresh":false,"showFog":true,"showSkybox":false,"showFlares":true,"showImageEffects":true,"showParticleSystems":true,"showVisualEffectGraphs":true,"m_FxEnabled":true},"in2DMode":false,"pivot":{"x":-1.0352704524993897,"y":-1.5635204315185547,"z":2.7334747314453127},"rotation":{"x":-0.25156038999557497,"y":0.32049524784088137,"z":-0.08870451152324677,"w":-0.9089241623878479},"size":4.524744987487793,"orthographic":false}