{"cameraMode":{"drawMode":0,"name":"Shaded","section":"Shading Mode"},"sceneLighting":false,"audioPlay":false,"sceneViewState":{"showFog":true,"showMaterialUpdate":false,"showSkybox":false,"showFlares":true,"showImageEffects":true,"showParticleSystems":true},"in2DMode":false,"pivot":{"x":-5.544902801513672,"y":-2.462899684906006,"z":-2.5884809494018556},"rotation":{"x":-0.13868264853954316,"y":0.8577734231948853,"z":-0.30536702275276186,"w":-0.38955754041671755},"size":5.670441627502441,"orthographic":false}