{"cameraMode":{"drawMode":0,"name":"Shaded","section":"Shading Mode"},"sceneLighting":false,"audioPlay":false,"sceneViewState":{"m_AlwaysRefresh":false,"showFog":true,"showSkybox":false,"showFlares":true,"showImageEffects":true,"showParticleSystems":true,"showVisualEffectGraphs":true,"m_FxEnabled":true},"in2DMode":false,"pivot":{"x":2.8330917358398439,"y":-0.7268754243850708,"z":-0.03330247849225998},"rotation":{"x":-0.13465484976768495,"y":-0.7530166506767273,"z":0.16336219012737275,"w":-0.6231126189231873},"size":2.6295433044433595,"orthographic":false}