{"cameraMode":{"drawMode":0,"name":"Shaded","section":"Shading Mode"},"sceneLighting":false,"audioPlay":false,"sceneViewState":{"m_AlwaysRefresh":false,"showFog":true,"showSkybox":false,"showFlares":true,"showImageEffects":true,"showParticleSystems":true,"showVisualEffectGraphs":true,"m_FxEnabled":true},"in2DMode":false,"pivot":{"x":0.07335344702005387,"y":5.241284370422363,"z":0.7566123008728027},"rotation":{"x":-0.01561912801116705,"y":-0.8433284163475037,"z":0.5366372466087341,"w":-0.02454324997961521},"size":2.6689112186431886,"orthographic":false}